Census Tract,Population,Housing Units in Tract,"LI, LA - 1 mile radius","LI, LA - 0.5 mile radius",Low Income Tracts,Poverty Rate (%),Median Family Income,LA - 1 mile radius,LA - 0.5 mile radius,"LA,LI - 0.5 mile radius","LA - Kids population, 0.5 mile radius","LA - Senior population, 0.5 mile radius","LA - Kids population, 1 mile radius","LA - Senior population, 1 mile radius","LA - Housing Units w/ Snap Benefits, 0.5 mile radius","LA - Housing Units w/ Snap Benefits, 1 mile radius",Total Count of Housing w/ Snap Benefits
42101000100,3478,2301,0,0,0,6.93710993759002,124729.0,0,0,,,,,,,,12
42101000200,2937,1145,0,0,1,29.2533659730722,47806.0,0,0,,,,,,,,95
42101000300,3169,1855,0,0,0,9.25521969460891,143482.0,0,0,,,,,,,,32
42101000401,2125,1584,0,0,0,17.6973940101128,129531.0,0,0,,,,,,,,202
42101000402,3142,2273,0,0,0,4.69072164948454,125917.0,0,0,,,,,,,,78
42101000500,2329,684,0,0,1,33.1536388140162,108636.0,0,0,,,,,,,,108
42101000600,1781,723,0,0,0,12.949640287769801,130096.0,0,0,,,,,,,,25
42101000700,3082,2176,0,0,0,14.5239376008607,144259.0,0,0,,,,,,,,73
42101000801,1562,1017,0,0,0,8.817354793561929,216375.0,0,0,,,,,,,,0
42101000803,3601,2590,0,0,0,6.6537467700258395,125865.0,0,0,,,,,,,,15
42101000804,3609,2589,0,0,0,8.76511226252159,170484.0,0,0,,,,,,,,51
42101000901,2276,1729,0,0,1,24.581280788177303,92292.0,0,0,,,,,,,,89
42101000902,2773,1419,0,0,0,13.8609532138172,197891.0,0,0,,,,,,,,320
42101001001,2603,1600,0,0,0,5.2755905511811,163309.0,0,0,,,,,,,,9
42101001002,3612,2099,0,0,0,5.8385804235832905,170671.0,0,0,,,,,,,,16
42101001101,3586,2097,0,0,0,19.1228635923896,165385.0,0,0,,,,,,,,122
42101001102,2659,1624,0,0,0,16.3658736669401,114167.0,0,0,,,,,,,,59
42101001201,3778,2052,0,0,0,4.0931372549019605,164464.0,0,0,0.0,0.0,0.0,,,0.0,,43
42101001202,5137,3131,0,0,0,9.36283548453186,169408.0,0,0,,,,,,,,11
42101001300,4942,2470,0,0,0,6.4196790160492,142444.0,0,0,0.0,0.0,0.0,,,0.0,,420
42101001400,3950,2129,0,0,0,11.6340815833937,181106.0,0,0,,,,,,,,288
42101001500,2708,1336,0,0,0,9.8026734563972,124718.0,0,0,,,,,,,,159
42101001600,2192,1162,0,0,0,6.18257261410788,196964.0,0,0,,,,,,,,8
42101001700,2647,1392,0,0,0,3.78611756891398,166771.0,0,0,,,,,,,,48
42101001800,2873,1382,0,0,0,5.01802884615385,126923.0,0,0,,,,,,,,96
42101001900,2721,1292,0,0,0,10.5841526894158,112569.0,0,0,,,,,,,,167
42101002000,2092,861,0,0,1,18.4599156118143,48024.0,0,0,,,,,,,,231
42101002100,2036,840,0,0,1,19.4055944055944,53750.0,0,0,,,,,,,,194
42101002200,2281,1018,0,0,1,21.1337868480726,61731.0,0,0,,,,,,,,244
42101002300,2682,1232,0,0,0,7.73214946355901,74773.0,0,0,,,,,,,,146
42101002400,5129,2273,0,0,0,10.673701298701301,85671.0,0,0,,,,,,,,231
42101002500,3769,1669,0,0,1,17.545982575024198,58281.0,0,0,,,,,,,,262
42101002701,3874,1463,0,0,1,26.0741745816373,57643.0,0,0,,,,,,,,365
42101002702,3566,1704,0,0,1,12.178649237472799,69276.0,0,0,,,,,,,,143
42101002801,4324,1561,0,0,1,19.501809665744098,51386.0,0,0,,,,,,,,405
42101002802,5539,2269,0,0,0,11.4946556859996,74076.0,0,0,,,,,,,,149
42101002900,4141,2047,0,0,0,18.945553091894602,102344.0,0,0,44.3108146190643,11.0005562901497,11.7339096069336,,,5.15202264487743,,222
42101003001,4664,1614,0,1,1,17.8717271198655,49688.0,0,1,1273.73209571838,633.831553459167,287.549484610558,,,260.664925098419,,384
42101003002,3200,1320,0,0,1,22.2028581387243,48438.0,0,0,,,,,,,,306
42101003100,4437,1840,0,1,1,19.6658387897945,44674.0,0,1,722.357761897147,333.542496597394,181.843752342276,,,145.415365366265,,567
42101003200,4875,1797,0,1,1,37.6503892427459,34972.0,0,1,692.279186725616,348.805051088333,145.588596969843,,,153.029833287001,,607
42101003300,6162,2295,0,1,1,32.8703703703704,37049.0,0,1,564.931737020612,207.455570876598,127.935807809234,,,125.513264462352,,804
42101003600,6723,2635,0,1,1,42.3327412670219,24904.0,0,1,2328.88273572922,1183.84131240845,577.674381248653,,,559.570520237088,,943
42101003701,6609,2259,0,1,1,29.940526762956697,37060.0,0,1,3074.30015615968,1661.24154154659,421.235698139844,,,692.691308627438,,770
42101003702,3707,1350,0,0,1,22.2305389221557,42537.0,0,0,,,,,,,,378
42101003800,3898,1645,0,0,1,5.98529038802942,71250.0,0,0,,,,,,,,131
42101003901,6062,2674,0,1,1,19.7433962264151,54007.0,0,1,2211.40673351288,925.460896074772,788.088388606906,,,556.252133853734,,632
42101003902,5507,2448,0,0,1,9.9448466046191,64962.0,0,0,144.135184288025,63.89413189888,76.845445394516,,,29.3192586898804,,354
42101004001,4259,1915,0,0,1,22.272618763428,48861.0,0,0,0.00718935893382877,0.0,0.0,,,0.00339324766537175,,482
42101004002,4998,2193,0,1,1,13.955342902711301,64870.0,0,1,801.714889930561,553.855517236283,614.93628062983,,,250.026230197924,,388
42101004101,6243,2146,0,0,1,32.9085966700646,45066.0,0,0,,,,,,,,717
42101004102,7848,2688,0,1,1,40.2073347452904,33098.0,0,1,1607.24064254761,623.487658500671,328.687365174294,,,365.381071567535,,1001
42101004201,5105,2067,0,0,0,13.284616825932199,73615.0,0,0,,,,,,,,286
42101004202,4925,1800,0,0,1,17.5918979744936,59219.0,0,0,,,,,,,,403
42101005000,13,1,0,0,0,0.0,,1,1,0.0,2.00000007078052,0.0,2.00000007078052,0.0,0.0,0.0,0
42101005400,1314,628,0,0,0,16.7071688942892,72083.0,0,1,498.936822102638,255.000001773238,176.000001907349,47.3530408889055,45.5659274607897,53.5067287924612,8.64060859977326,57
42101005500,5635,2258,0,1,1,15.022349936143002,60163.0,0,1,1374.21994531504,936.918311777059,378.164792289404,,,239.839127445855,,467
42101005600,1111,542,0,0,1,41.5525114155251,20938.0,0,0,58.3772348761559,47.7963150888681,4.96565341483802,,,19.8274746909738,,301
42101006000,6450,2427,0,1,1,24.2578710644678,42543.0,0,1,1413.39355047047,875.897359140217,144.412704862654,,,181.199067059904,,541
42101006100,3123,1130,0,0,1,20.7342657342657,43177.0,0,0,,,,,,,,256
42101006200,4524,1429,0,0,1,40.3368794326241,33172.0,0,0,0.0,0.0,0.0,,,0.0,,638
42101006300,4236,1344,0,1,1,42.0862442784871,37820.0,0,1,1132.00915392116,440.525060158223,146.940036743879,,,249.665218316019,,628
42101006400,4472,1417,0,1,1,33.3333333333333,37703.0,0,1,1407.48597874865,652.922862024978,138.838590929285,,,206.956149690785,,412
42101006500,4486,1681,0,0,1,32.017259978425,45801.0,0,0,13.2492012381554,8.8664556145668,1.43277397751808,,,3.73511862754822,,851
42101006600,3750,1357,0,0,1,42.467073562479904,33266.0,0,0,,,,,,,,634
42101006700,7472,2495,0,1,1,33.4192439862543,48869.0,0,1,519.050218045712,489.231573529541,59.718756817281204,,,227.670730914921,,1284
42101006900,2539,996,0,1,1,52.4804992199688,17656.0,0,1,788.004401147366,398.076992034912,26.0533689633012,,,215.505569607019,,686
42101007000,3990,1475,0,0,1,17.5917500758265,34174.0,0,0,,,,,,,,633
42101007101,2557,882,0,0,1,40.582683627410695,30299.0,0,0,,,,,,,,392
42101007102,4924,1776,0,0,1,41.531631520532706,35333.0,0,0,,,,,,,,616
42101007200,4773,1730,0,0,1,31.959491285916197,36550.0,0,0,,,,,,,,524
42101007300,3088,1117,0,0,1,30.629950961901198,40500.0,0,0,,,,,,,,510
42101007400,4338,1667,0,1,1,28.388278388278398,44054.0,0,1,640.556885608006,157.235806233482,146.255707678152,,,213.356900141458,,786
42101007700,2380,775,0,1,1,38.9212827988338,53636.0,0,1,1094.59900805354,147.696289205924,186.304840952158,,,48.6713670496829,,56
42101007800,4177,2017,0,0,1,25.3479125248509,87386.0,0,0,77.0327301025391,12.6935135126114,11.6787139028311,,,9.57054474949837,,324
42101007900,4553,2116,0,0,0,14.7209159681047,112593.0,0,0,,,,,,,,241
42101008000,3951,1549,0,0,1,29.5022842029334,56908.0,0,0,,,,,,,,412
42101008101,2758,1025,0,0,1,40.005896226415096,33063.0,0,0,,,,,,,,493
42101008102,5028,1871,0,0,1,37.1852116449366,33510.0,0,0,,,,,,,,555
42101008200,6797,2609,0,0,1,25.2942151500083,42688.0,0,0,0.0182161815464497,0.00838318560272455,0.0125747788697481,,,0.00674080289900303,,625
42101008301,4081,1626,0,0,1,22.154195011337897,52431.0,0,0,,,,,,,,751
42101008302,4307,1751,0,0,1,35.076608784474,32306.0,0,0,,,,,,,,621
42101008400,4488,1731,0,0,1,33.7096774193548,38165.0,0,0,,,,,,,,678
42101008500,6313,2605,0,0,1,40.506148126966,30548.0,0,0,,,,,,,,1056
42101008601,2947,1416,0,0,1,20.5574912891986,59508.0,0,0,,,,,,,,98
42101008602,3010,1345,0,0,1,26.4173703256936,72895.0,0,0,,,,,,,,399
42101008701,4147,1983,0,0,1,19.4040876631372,57417.0,0,0,6.65728855133057,1.78336811065674,0.594456017017365,,,0.34825211763382,,74
42101008702,3036,1512,0,0,1,31.8352059925094,77132.0,0,0,,,,,,,,71
42101008801,988,184,0,0,1,50.9505703422053,,0,0,,,,,,,,10
42101008802,6983,1798,0,0,1,60.6386245010746,83750.0,0,0,18.1202608644962,1.4197445306927,0.283948900178075,,,0.466817029286176,,53
42101009000,5576,1413,0,1,1,60.1634683724236,113631.0,0,1,1791.51534336805,53.1018192665651,67.5639784894884,,,5.41526172612794,,8
42101009100,2803,1535,0,1,1,47.642276422764205,66466.0,0,1,279.432383179665,66.6382496580482,48.6912619844079,,,73.5620897710323,,323
42101009200,2884,1220,0,0,1,41.292475728155296,24881.0,0,0,,,,,,,,509
42101009300,4221,1711,0,0,1,33.9113257243196,33861.0,0,0,,,,,,,,719
42101009400,3827,1724,0,0,1,45.2398894750063,21726.0,0,0,,,,,,,,985
42101009500,3313,1299,0,0,1,40.279099270536,26500.0,0,0,,,,,,,,581
42101009600,4238,1686,0,0,1,33.6853685368537,29756.0,0,0,,,,,,,,738
42101009801,2184,886,0,0,1,14.4424131627057,59297.0,0,0,45.3082039356232,62.1133699417114,13.8471484184265,,,9.35140436887741,,109
42101009802,5475,2169,0,1,1,20.690811535882002,52500.0,0,1,678.112038389314,712.826324721333,192.507815835823,,,179.679279866978,,356
42101010000,4366,1636,0,1,1,24.1531664212077,44904.0,0,1,1993.25307428837,1141.90820300579,325.813169792295,,,493.086226403713,,484
42101010100,5459,2209,0,1,1,20.4012008733624,46991.0,0,1,275.636112928391,118.667082190514,58.1201673746109,,,73.2806670665741,,707
42101010200,3187,1281,0,0,1,34.5085803432137,32891.0,0,0,,,,,,,,588
42101010300,2449,964,0,0,1,29.512779552715703,42179.0,0,0,,,,,,,,338
42101010400,3332,1171,0,0,1,46.772167797035905,30625.0,0,0,,,,,,,,751
42101010500,3746,1489,0,0,1,47.0510795155345,39219.0,0,0,,,,,,,,659
42101010600,1476,666,0,0,1,39.739615623062605,27367.0,0,0,,,,,,,,240
42101010700,3562,1330,0,0,1,45.2129102251153,31339.0,0,0,,,,,,,,703
42101010800,3611,1362,0,1,1,45.2239867267125,27813.0,0,1,1672.26898491604,615.417379694441,175.218398245983,,,356.530931550819,,619
42101010900,2313,879,0,1,1,54.8956083513319,19605.0,0,1,1672.50923022255,494.552923182026,201.250877232174,,,315.882902490906,,371
42101011000,3470,1453,0,1,1,51.550690643732096,25450.0,0,1,982.267090559006,313.702083945274,114.911170750856,,,205.976160377264,,669
42101011100,3712,1399,0,0,1,39.1406709829311,45099.0,0,0,0.0,0.0,0.0,,,0.0,,558
42101011200,5494,2076,0,0,1,43.4132777198471,37557.0,0,0,,,,,,,,622
42101011300,2917,1184,0,0,1,31.3427911580337,36948.0,0,0,,,,,,,,345
42101011400,6126,2564,0,1,1,15.6240176045269,53769.0,0,1,960.543149530888,612.508994981647,293.00100505352,,,288.67470882833,,704
42101011500,4282,1580,0,1,1,16.8039895923677,54933.0,0,1,1709.07992597308,1223.0000114782,267.000002630055,,,304.064751096972,,321
42101011700,1931,378,0,1,1,35.672514619883,79286.0,0,1,794.231979438104,142.999999724329,212.999995364808,8.85181298106909,11.8271131804213,56.9907679797616,2.13691046671011,49
42101011800,5621,2186,0,1,1,28.634146341463403,44981.0,0,1,1527.09501057491,759.643806027249,728.024659151211,,,213.828954286408,,330
42101011900,5195,2168,0,1,1,34.819447246318305,39338.0,0,1,1472.08139238227,673.538770442829,508.055804553442,,,385.795015148353,,588
42101012000,1947,702,0,1,1,16.109215017064802,69306.0,0,1,446.723007480672,163.991478203163,215.583685456309,,,47.7184606435185,,56
42101012100,2547,1190,0,1,1,24.425811155669,49177.0,0,1,455.14587321505,134.920387979597,311.028751371428,,,116.320840353146,,334
42101012201,2911,2053,0,0,1,30.627062706270603,34029.0,0,0,101.692925393581,17.2728974968195,30.5131692960858,,,34.6379795819521,,508
42101012203,1120,672,0,0,1,40.0977995110024,,0,0,,,,,,,,24
42101012204,3564,1774,0,1,1,20.7715133531157,68438.0,0,1,316.545371055603,186.833658128977,247.261801108718,,,92.5192992687225,,292
42101012500,5210,3302,0,0,0,12.6402243589744,145781.0,0,0,,,,,,,,164
42101013100,1529,682,0,0,1,35.447051363348095,48942.0,0,0,,,,,,,,218
42101013200,2914,963,0,0,1,31.25,33199.0,0,0,,,,,,,,424
42101013300,2854,1427,0,0,1,33.148364485981304,114464.0,0,0,,,,,,,,222
42101013401,2288,1419,0,0,0,7.464553794829019,146719.0,0,0,,,,,,,,0
42101013402,2922,1641,0,0,0,3.25765054294176,155221.0,0,0,,,,,,,,36
42101013500,3222,1401,0,0,0,10.6849975880367,97404.0,0,0,10.7556416988373,16.1513409614563,7.70118951797485,,,6.36819005012512,,182
42101013601,2677,1480,0,0,0,3.57008643367155,164167.0,0,0,,,,,,,,0
42101013602,3503,1798,0,0,0,5.98356445814073,115132.0,0,1,145.622237563133,93.7614736557007,66.9656136035919,,,24.1928308606148,,114
42101013700,4813,1993,0,0,1,29.9243931555909,60369.0,0,0,,,,,,,,620
42101013800,2061,827,0,1,1,27.2349272349272,44688.0,0,1,946.893195867538,426.159930616617,171.660459131002,,,190.957250237465,,270
42101013900,3764,1287,0,1,1,37.3279816513761,41371.0,0,1,1123.32673001289,592.791534125805,149.251362919807,,,235.975299596786,,432
42101014000,3010,1268,0,0,1,44.249854057209596,31223.0,0,0,,,,,,,,248
42101014100,2094,937,0,0,1,28.780836610654298,48850.0,0,0,,,,,,,,574
42101014200,3570,1813,0,0,0,4.55458807769591,131250.0,0,0,4.17455899715424,0.491951897740364,1.47585564851761,,,0.210804827511311,,25
42101014300,1439,680,0,0,0,14.3167028199566,116912.0,0,1,257.745972307865,150.523133878422,134.235031236341,,,45.3568320398335,,67
42101014400,3105,1307,0,0,1,27.3412001004268,63224.0,0,0,,,,,,,,377
42101014500,2464,659,0,0,1,46.299585553582,39107.0,0,0,,,,,,,,323
42101014600,4289,1163,0,0,1,30.5907937658572,55917.0,0,0,,,,,,,,242
42101014700,3939,958,0,0,1,71.6142557651992,11630.0,0,0,,,,,,,,336
42101014800,785,372,0,0,1,48.3009708737864,36181.0,0,0,28.2730598449707,5.93867635726929,12.3558368682861,,,9.20715117454529,,202
42101014900,3967,1633,0,1,1,41.917502787068,27083.0,0,1,696.196768760681,196.798611193895,170.494348347187,,,166.178926020861,,685
42101015101,2038,782,0,1,1,48.6799444187124,30417.0,0,1,580.63726747036,234.755668327212,97.8444835133851,,,164.542599536479,,369
42101015102,4269,1794,0,0,1,45.2781371280724,25208.0,0,0,258.339945793152,109.486548423767,54.8657603263855,,,82.1182744503021,,908
42101015200,6133,1936,0,0,1,53.9405560882071,23341.0,0,0,,,,,,,,871
42101015300,4962,1434,0,1,1,64.0883977900553,26548.0,0,1,1781.85681331158,293.155927315354,117.304746471345,,,158.27278200537,,215
42101015600,1741,607,0,0,1,43.0054978619426,25185.0,0,0,,,,,,,,322
42101015700,2641,936,0,0,1,27.0497803806735,44688.0,0,0,,,,,,,,276
42101015800,5684,2598,0,0,0,10.8406410644088,104511.0,0,1,215.00726377964,73.0971488952637,49.2262971997261,,,31.1559601724148,,309
42101016000,7002,2854,0,0,1,14.502383359815099,65724.0,0,0,,,,,,,,444
42101016100,5590,1945,0,0,1,23.0236983220896,55500.0,0,0,,,,,,,,590
42101016200,2225,769,0,0,1,43.8344594594595,31318.0,0,0,,,,,,,,446
42101016300,3248,1031,0,0,1,46.907514450867,19748.0,0,0,,,,,,,,816
42101016400,4564,1485,0,0,1,43.4345641249727,33023.0,0,0,,,,,,,,1086
42101016500,2758,989,0,0,1,69.5954487989886,14159.0,0,0,,,,,,,,606
42101016600,1788,586,0,0,1,49.8735777496839,,0,0,,,,,,,,248
42101016701,3055,1171,0,0,1,39.671120246659804,34500.0,0,0,31.0983723189432,12.6940840734534,5.88543027093604,,,7.31142673635117,,363
42101016702,2903,1119,0,0,1,46.3821138211382,27364.0,0,0,18.0448997616768,5.99205702543259,2.24936478585005,,,4.05984255671501,,440
42101016800,3935,1515,0,0,1,45.7337883959044,26250.0,0,0,,,,,,,,658
42101016901,3466,1364,0,0,1,38.7893982808023,33190.0,0,0,,,,,,,,574
42101016902,5524,2191,0,1,1,49.263943603566204,20703.0,0,1,900.028379797935,308.90473985672,147.701945394278,,,219.933544665575,,843
42101017000,2953,1216,0,0,1,26.4685556323428,64000.0,0,0,33.7032260298729,47.1289343833923,25.3605943322182,,,18.6645176112652,,285
42101017100,4047,1570,0,0,1,17.0658682634731,47527.0,0,0,133.8899487257,69.1184693574905,56.8029932975769,,,40.7468596100807,,558
42101017201,3194,1289,0,0,1,26.4478764478765,56016.0,0,0,149.351714253426,103.070116519928,56.2622909545898,,,69.7242728471756,,477
42101017202,4056,1593,0,0,1,35.804549283909,29100.0,0,0,,,,,,,,626
42101017300,3165,1164,0,0,1,38.0047505938242,25691.0,0,0,108.019136190414,37.8010582029819,17.8076890259981,,,23.8686156272888,,559
42101017400,2419,918,0,0,1,49.4334872010071,26302.0,0,0,16.9096757890657,8.14531633118168,3.38106502202572,,,4.07258892414393,,432
42101017500,7016,2274,0,0,1,52.2502122841778,21929.0,0,0,0.970820546150208,0.602730691432953,0.0,,,0.223547920584679,,1429
42101017601,5562,1834,0,0,1,55.3427419354839,18983.0,0,0,,,,,,,,1203
42101017602,3914,1199,0,0,1,60.2859778597786,24056.0,0,0,,,,,,,,880
42101017701,3705,1088,0,1,1,56.98080279232109,22250.0,0,1,2041.99851762131,1042.56516950764,72.2439696760848,,,488.01207922399,,679
42101017702,5076,1544,0,0,1,62.289156626506006,17961.0,0,0,,,,,,,,1119
42101017800,6704,2059,0,1,1,51.7798764983654,24318.0,0,1,931.276902198792,466.974722981453,53.4128260239959,,,271.653741836548,,1334
42101017900,6313,2095,0,0,1,34.0076223981237,34722.0,0,0,,,,,,,,1087
42101018001,2586,1093,0,0,1,12.7521888085268,61071.0,0,0,128.239747256041,71.470205873251,61.1469689756632,,,30.5210115499794,,210
42101018002,5451,2390,0,1,1,20.5666666666667,70000.0,0,1,546.428623121697,241.105113563593,161.04791063501,,,113.159120921162,,451
42101018300,4313,1664,0,0,0,7.46807998072754,77156.0,0,1,913.005344445584,1001.14498518014,625.69889674701,16.6357741355896,9.70420169830322,241.778617028325,4.23354351520538,227
42101018400,2260,869,0,1,1,17.594560135996602,63650.0,0,1,643.744111649692,527.999996758997,263.999999106862,1.3406131491065,0.148957015946507,177.134294766933,0.39471821859479,170
42101018800,8322,2483,0,1,1,47.706206734717796,32693.0,0,1,1434.93802789319,787.905027741566,117.512062058784,,,361.008239844814,,1334
42101019000,7543,2403,0,0,1,29.2460113226969,36964.0,0,0,,,,,,,,910
42101019100,7937,2634,0,0,1,25.161921055847504,47132.0,0,0,118.028961077332,85.3851340189576,32.5211689099669,,,27.1497072987258,,753
42101019200,7972,2333,0,1,1,46.758349705304504,24848.0,0,1,2908.21881937981,1646.07221722603,188.898581460118,,,859.64934772253,,1533
42101019501,4927,1584,0,0,1,50.112968820605495,25988.0,0,0,,,,,,,,888
42101019502,3675,1132,0,0,1,48.0051150895141,22982.0,0,0,21.8052837327123,8.81333102285862,1.22950358735397,,,5.30540687032044,,660
42101019700,7001,2127,0,0,1,39.4370201876599,30366.0,0,0,,,,,,,,1264
42101019800,6195,1925,0,0,1,47.0894607843137,31206.0,0,0,,,,,,,,1029
42101019900,4419,1413,0,1,1,62.791751642873294,14184.0,0,1,857.286914371885,289.813670613803,105.99813959701,,,241.65730114188,,922
42101020000,1265,589,0,1,1,50.859598853868206,35509.0,0,1,1026.36454571784,234.175845043734,113.999999934807,,,277.904355624691,,258
42101020101,3547,1562,0,1,1,43.0456584850884,22413.0,0,1,2492.78054669499,756.095487825572,431.599660169333,,,554.225502187386,,626
42101020102,3353,1317,0,1,1,16.069600818833198,56557.0,0,1,349.978624761105,267.248247385025,110.175572007895,,,141.630110561848,,448
42101020200,5189,1961,0,1,1,42.0335195530726,29583.0,0,1,3498.03043182241,1224.40223105205,737.697554476676,,,733.825581104611,,724
42101020300,2769,1059,0,0,1,40.2129120879121,25788.0,0,0,331.649094030261,98.9922542311251,47.1790811209939,,,74.5057308468968,,508
42101020400,3050,1130,0,0,1,38.2941988950276,35095.0,0,0,0.697368979454041,0.0,0.201405182480812,,,0.139026284217834,,380
42101020500,2819,1273,0,1,1,29.7054597701149,42528.0,0,1,344.367335274816,128.981834687293,56.896350691095,,,92.792228396982,,518
42101020600,1819,875,0,0,0,19.2226148409894,92083.0,0,1,220.223422723357,93.3024389464408,77.1934966936242,,,26.6506622049492,,64
42101020700,5841,2505,0,0,0,11.850107906611699,108224.0,0,0,0.171428338624537,0.102526940405369,0.0461482107639313,,,0.00906752585433424,,217
42101020800,1971,1146,0,0,1,20.9219858156028,65278.0,0,0,68.2787769669667,20.8307715253904,55.1537927985191,,,4.12500368896872,,32
42101020900,2910,1368,0,0,0,12.1532846715328,98571.0,0,1,713.981847631869,335.97498665005,218.124997194285,,,30.8150940091932,,30
42101021000,4917,2338,0,0,0,18.6146377893951,82756.0,0,1,591.705063186586,76.9420292899013,128.226616499946,,,62.2574017988518,,176
42101021100,2327,1114,0,0,0,14.729299363057299,95000.0,0,1,324.045074908063,161.281118664891,167.221767626703,,,14.917363690678,,28
42101021200,2245,1060,0,0,0,7.99041150619257,82800.0,0,0,92.9452963992953,53.5778844505548,56.8813865333796,,,14.9881338775158,,91
42101021300,3551,1551,0,0,0,10.8964451313756,73571.0,0,0,151.753263428807,41.8469607830048,32.520225379616,,,18.0204820018262,,174
42101021400,3880,1809,0,1,1,21.0916275623611,97625.0,0,1,595.091824889183,122.548746240769,102.562917721116,,,47.4651134182059,,92
42101021500,3857,1765,0,0,0,11.1194029850746,81154.0,0,1,518.841304711998,192.065918494016,164.154487096705,,,47.6557703907602,,78
42101021600,1826,896,0,0,0,10.909893992932899,100724.0,0,0,54.3025490719592,20.1581058393931,14.8691203847411,0.0,0.0,5.60034258817541,0.0,49
42101021700,5772,2449,0,0,0,4.17287630402385,103654.0,0,1,425.288161322474,254.674167275429,233.162142932415,,,50.8543112799525,,205
42101021800,4259,2173,0,1,1,15.1555640389387,53571.0,0,1,692.296573334374,317.619567213551,262.679633495107,,,128.535192437579,,218
42101021900,1432,689,0,0,0,4.26116838487973,94327.0,0,1,84.7855868529732,82.5065192566399,94.8929524504929,0.00863506924360991,0.00383830117061734,10.2749640030252,0.00134812045143917,23
42101022000,1681,718,0,0,0,1.07599193006052,138542.0,0,0,22.7518809385365,56.1782054237556,37.3665044836234,18.8158424128778,10.1199312391691,3.14829205047863,1.14445975146373,17
42101023100,1262,526,0,0,0,1.1913626209977701,139750.0,0,1,5.33104540112254,133.865284185857,53.8169852191349,,,3.03138179052621,,10
42101023500,1161,540,0,0,0,5.675877520537719,104773.0,0,1,156.493656508625,126.30477194488,115.869911242276,,,3.72725131758489,,6
42101023600,2619,1095,0,0,0,5.90994371482176,123750.0,0,0,27.2731505632401,42.1157056689262,16.343370616436,,,6.05111197009683,,80
42101023700,4566,2162,0,0,0,6.09440350527783,131719.0,0,1,122.9587059021,271.005910515785,87.7386817485094,,,74.6918843239546,,450
42101023800,4391,2077,0,0,0,11.5200764818356,103026.0,0,0,0.951609313488007,0.917050957679749,0.362999320030212,,,0.153460055589676,,190
42101023900,1777,1143,0,0,1,22.4376731301939,,0,0,1.37987375259399,0.0,1.77966713905334,,,0.410042107105255,,192
42101024000,3822,1851,0,0,0,19.851682829435298,73819.0,0,0,67.2728896141052,26.3350253105164,10.3401625901461,,,6.95333790779114,,275
42101024100,1433,733,0,0,1,46.6334164588529,39750.0,0,0,,,,,,,,324
42101024200,4236,1710,0,1,1,26.538349372995,54760.0,0,1,1069.88449840993,647.910372510552,178.833575682715,,,250.981899783015,,550
42101024300,3913,1723,0,1,1,30.650319829424298,44844.0,0,1,1789.26196096465,924.999006856233,327.224603374721,,,517.16355512233,,461
42101024400,3129,1151,0,1,1,31.311918342840002,47674.0,0,1,1860.69490202417,883.999988587384,296.999994059133,,,507.239147811553,,457
42101024500,4035,1531,0,1,1,52.852852852852905,22102.0,0,1,2378.87127995797,1145.19894935828,388.058982205621,,,672.025853485342,,757
42101024600,2956,1151,0,0,1,43.1413612565445,27973.0,0,0,252.340353012085,74.4830324649811,35.1638466119766,,,67.7415354251862,,617
42101024700,4423,1603,0,1,1,33.6834566722368,45872.0,0,1,396.339312374592,269.753097601235,124.274063233286,,,131.898833718151,,625
42101024800,1889,700,0,0,1,20.5673758865248,52556.0,0,0,,,,,,,,220
42101024900,3311,1194,0,1,1,39.9325084364454,31289.0,0,1,1104.671890378,582.548641055822,223.782916232944,,,282.947088003159,,493
42101025200,7118,2783,0,0,1,29.490930368636597,45341.0,0,0,171.462565274909,21.6906340355054,171.955355504528,,,15.633103760425,,872
42101025300,4002,1648,0,0,1,20.3161868806041,46282.0,0,0,56.0062811374664,49.0464200973511,22.3478600978851,,,20.5227576494217,,508
42101025400,3920,1816,0,0,1,11.3313856427379,70982.0,0,0,23.8396135345101,40.3014138974249,18.8247934039682,,,8.33552724309266,,267
42101025500,2571,1079,0,0,0,7.01630049610206,89568.0,0,1,141.528637968004,120.622774422169,113.471138328314,,,32.5194586943835,,145
42101025600,2742,1149,0,0,0,3.1544448996313,131875.0,0,1,73.5026252567768,217.909883886576,223.619459420443,,,61.0017912052572,,150
42101025700,3463,1885,0,0,0,8.42668024439919,84625.0,0,0,,,,,,,,13
42101025800,1681,761,0,0,0,15.0170648464164,72292.0,0,1,392.687113648281,279.880898203235,356.415236283094,,,65.6229574508034,,68
42101025900,4755,2060,0,1,1,13.334890238206402,64583.0,0,1,521.29354429245,337.365260004997,201.315050005913,,,83.1399893462658,,296
42101026000,2788,1197,0,1,1,11.1579630230295,51458.0,0,1,530.294063717127,312.935540437698,227.024197399616,,,106.53884267807,,220
42101026100,2995,1398,0,1,1,17.4048658764816,56250.0,0,1,1036.9100164537,497.128059974168,662.199550131322,,,236.723196898187,,241
42101026200,4065,1758,0,1,1,10.1546391752577,66250.0,0,1,931.815525248647,601.185211271048,535.40857128799,,,131.90932369791,,189
42101026301,3840,1555,0,0,1,17.9212429681222,49643.0,0,0,73.9874186515808,47.2499923110008,30.4273310303688,,,24.5381551533937,,358
42101026302,5480,2082,0,1,1,10.7218889103929,46969.0,0,1,1127.11722043157,538.364863663912,325.65766993165,,,178.382616952062,,376
42101026400,5241,2143,0,1,1,7.29582577132486,63320.0,0,1,493.297590967792,413.042961931613,360.993807506864,,,126.740670192245,,318
42101026500,4340,1687,0,1,1,18.267383787937,49904.0,0,1,2011.8661235336,1089.00001656359,625.00000871408,,,514.11351529957,,494
42101026600,6667,2492,0,1,1,22.905364677516598,53073.0,0,1,2138.53821272403,1269.83861003071,828.22896559909,,,480.021258907393,,525
42101026700,6565,2549,0,1,1,27.4276236429433,41472.0,0,1,2057.77712803707,1262.81941795349,830.317156001925,,,676.537776097655,,859
42101026800,4647,1873,0,1,1,25.283747886983797,51823.0,0,1,496.173866845667,295.105980504304,118.908556342125,,,135.714034870267,,497
42101026900,2199,688,0,1,1,21.4506172839506,92813.0,0,1,506.679671156919,323.604058985948,378.577594593182,,,136.909001234337,,192
42101027000,2326,922,0,0,0,14.1232575201761,95156.0,0,1,161.176509335637,167.021071318537,57.5169625328854,,,42.8757542846724,,168
42101027100,2453,895,0,0,1,12.759113652608999,49840.0,0,0,151.467500627041,84.20562723279,32.7889026887715,,,28.7753141969442,,182
42101027200,4278,1803,0,0,1,15.9546466896133,57000.0,0,0,,,,,,,,447
42101027300,6069,2052,0,0,1,18.7458854509546,52875.0,0,0,,,,,,,,798
42101027401,3457,1140,0,0,1,16.7273831208257,42906.0,0,0,0.969701766967773,0.509436950087547,0.121744230389595,,,0.192115932703018,,291
42101027402,6800,2246,0,0,1,25.485505206867398,48958.0,0,0,,,,,,,,750
42101027500,4489,1559,0,1,1,21.8889970788705,56587.0,0,1,515.401864051819,276.099452972412,74.7334549427032,,,78.1387513875961,,380
42101027600,3600,1520,0,0,1,18.7516960651289,32262.0,0,0,,,,,,,,502
42101027700,4788,2078,0,1,1,32.7003338898164,51806.0,0,1,969.596258342266,584.266481012106,291.103862404823,,,337.365843951702,,837
42101027800,4481,1931,0,0,1,27.6298559580969,51635.0,0,0,,,,,,,,600
42101027901,3827,1430,0,0,1,22.0216606498195,54539.0,0,0,,,,,,,,366
42101027902,3873,895,0,0,1,40.982905982906,37283.0,0,0,102.702324457467,22.294774170965,23.4564434736967,,,19.550249107182,,364
42101028000,4272,1604,0,1,1,33.7529691211401,38596.0,0,1,1148.47299831682,438.683316193521,192.054150082331,,,215.47849436252,,507
42101028100,3589,1316,0,1,1,26.5859766277129,37987.0,0,1,916.684618934989,455.591259241104,188.210747480392,,,214.892878968269,,494
42101028200,4899,1939,0,0,1,26.190967209734,41108.0,0,0,17.7479236871004,11.3314959034324,2.8761548474431,,,3.49499412067235,,623
42101028300,6173,2190,0,1,1,34.5790044968212,35922.0,0,1,1716.20943576097,856.195678710938,251.935763306916,,,522.481539160013,,1125
42101028400,4085,1283,0,0,1,33.3252012686021,40234.0,0,0,317.55338716507,151.399432897568,40.2225281000137,,,67.4667363166809,,530
42101028500,2375,806,0,0,1,35.3957412615508,35234.0,0,0,22.1956939697266,10.4810228347778,2.7173023223877,,,3.84970855712891,,354
42101028600,7124,2182,0,0,1,32.5266796933714,33925.0,0,0,,,,,,,,949
42101028700,2507,791,0,0,1,37.7587437544611,28922.0,0,0,,,,,,,,362
42101028800,4245,1309,0,0,1,43.786063027075,31696.0,0,0,,,,,,,,638
42101028901,3857,1166,0,0,1,30.4891423557798,45323.0,0,0,227.09516787529,150.41476726532,26.4932669401169,,,55.3034988045692,,476
42101028902,6315,1843,0,1,1,38.3387947000997,32647.0,0,1,492.703926086426,269.233157932758,39.9130011424422,,,105.498377308249,,814
42101029000,6160,2003,0,0,1,39.2004996876952,38173.0,0,0,,,,,,,,945
42101029100,4685,1526,0,0,1,39.6790808240887,30549.0,0,0,,,,,,,,598
42101029200,4080,1313,0,0,1,11.4637430275053,53723.0,0,0,85.4755039215088,55.8438405990601,11.6021161079407,,,17.2896296977997,,459
42101029300,2891,997,0,0,1,53.5470668485675,31484.0,0,0,204.662117958069,89.9373111724854,18.9619015604258,,,58.3113652467728,,493
42101029400,3141,1071,0,1,1,49.8277232971111,20972.0,0,1,1235.29302249942,435.601235709444,130.081894400064,,,219.979958895186,,485
42101029800,4715,1772,0,0,1,36.4677907479464,31757.0,0,0,0.804213464260101,0.403732299804688,0.0354151129722595,,,0.147992417216301,,751
42101029900,4700,1544,0,1,1,45.334636052760104,24974.0,0,1,724.069747328758,429.566846042871,53.1506696082652,,,169.862975142896,,713
42101030000,7478,2616,0,1,1,39.1695397991306,31250.0,0,1,4216.84266266227,1961.35714752506,525.900055482518,,,1184.76037600357,,1228
42101030100,5869,2153,0,1,1,42.4496937882765,31763.0,0,1,1822.50068348646,728.657222181559,102.329180885106,,,482.16746814549,,1087
42101030200,7345,2491,0,1,1,19.9295534598341,70898.0,0,1,1171.30463309027,545.088603654644,113.561191903078,,,140.303152443666,,559
42101030501,5231,1772,0,0,1,27.4333217873225,40517.0,0,0,183.804974555969,57.2285051345825,16.4263219833374,,,35.7290061712265,,744
42101030502,5839,1954,0,1,1,32.132217335792305,46537.0,0,1,1391.52633453711,884.29458983762,196.384648125656,,,232.945069569074,,494
42101030600,7115,2686,0,1,1,8.21309655937847,68182.0,0,1,681.496434635483,622.282565750182,215.983412561007,,,226.605660228059,,681
42101030700,3235,1333,0,0,1,25.4485363550519,56440.0,0,0,,,,,,,,371
42101030800,4874,1717,0,0,1,9.72972972972973,59850.0,0,0,,,,,,,,248
42101030900,3991,1345,0,0,1,20.863802559415,44510.0,0,0,,,,,,,,320
42101031000,6755,2174,0,0,1,16.6115593175506,43955.0,0,0,,,,,,,,507
42101031101,4898,1574,0,0,1,28.563380281690097,42222.0,0,0,,,,,,,,624
42101031102,4465,1419,0,0,1,13.850973372118998,44649.0,0,0,,,,,,,,487
42101031200,4673,1592,0,0,1,26.2254025044723,35775.0,0,0,,,,,,,,580
42101031300,6945,2268,0,0,1,28.840448858506402,42204.0,0,0,,,,,,,,828
42101031401,6664,2118,0,0,1,29.6868417357113,36938.0,0,0,,,,,,,,692
42101031402,5595,1834,0,0,1,25.391480047145997,40750.0,0,0,,,,,,,,483
42101031501,6217,2294,0,1,1,11.899482631189901,59388.0,0,1,344.078683882952,164.090222761035,93.1282716095448,,,70.2843850404024,,465
42101031502,4018,1538,0,0,1,25.0,43729.0,0,0,,,,,,,,290
42101031600,6045,2170,0,0,1,20.1393497013935,48563.0,0,0,121.769364833832,114.551828861237,22.9637566208839,,,21.7925333380699,,427
42101031700,6093,2240,0,1,1,12.5336202259279,58323.0,0,1,1050.8662176393,780.646553631872,315.927264420781,,,263.019560997374,,561
42101031800,4017,1438,0,0,1,29.095643939393902,45647.0,0,0,29.9424671195447,13.5467390716076,5.44434123393148,,,5.27147533278912,,455
42101031900,4971,1716,0,1,1,20.4808050689527,50385.0,0,1,1533.33871808396,1245.58548839478,309.106179354085,,,424.390677184001,,562
42101032000,6599,2490,0,1,1,14.231204070096101,54784.0,0,1,585.669727683067,372.60324499011,147.472252219915,,,137.346543431282,,665
42101032100,3903,1447,0,1,1,29.5945350374614,43856.0,0,1,761.083545729518,369.968472056091,136.469825675711,,,190.600505143404,,586
42101032300,3835,1451,0,1,1,15.985997666277699,46250.0,0,1,1604.13465457823,991.395510216489,291.335975789504,,,379.518898443159,,401
42101032500,5766,2216,0,0,1,28.463237614389396,61628.0,0,0,263.438500314951,102.159701526165,28.6306389570236,,,32.044426292181,,508
42101032600,6942,2534,0,0,1,21.0170408439275,54931.0,0,0,86.5336434841156,45.8432239890099,8.43933308124542,,,8.53541535139084,,468
42101032900,4089,1725,0,1,1,23.3676975945017,46182.0,0,1,891.314027775545,396.9675832754,274.401308942121,,,213.626087245764,,404
42101033000,7645,2708,0,0,1,32.9080005103994,43639.0,0,0,53.8054700624198,20.4014644864947,3.74657681118697,,,10.0317947724834,,777
42101033101,4913,1870,0,0,0,12.608158220024702,73083.0,0,1,1255.92775169504,1067.21889137656,494.096705306518,,,221.879891841569,,223
42101033102,4145,1726,0,1,1,16.8162618796199,50347.0,0,1,1986.50362560153,910.999999500811,621.000007092953,,,328.864260192961,,306
42101033200,2741,1000,0,0,0,7.23495702005731,81705.0,0,0,27.658592402935,52.3525424599648,30.2494984269142,,,5.8869317099452,,79
42101033300,4244,1684,0,0,1,14.588174541698901,70982.0,0,0,52.8838005661964,20.4693485945463,37.350460767746,,,12.1787079647183,,325
42101033400,4734,1921,0,0,1,23.5523385300668,58101.0,0,0,,,,,,,,324
42101033500,3680,1388,0,1,1,29.076996652319497,49212.0,0,1,285.187306016684,142.904361124616,72.1663341317326,,,67.6404593975749,,414
42101033600,6866,2848,0,1,1,14.8464163822526,55442.0,0,1,1879.23129027896,738.784934550524,461.794824381359,,,250.095748937456,,490
42101033701,5128,2291,0,1,1,17.6647564469914,45625.0,0,1,485.044006812386,121.436775762122,111.962869575713,,,70.2532855982427,,515
42101033702,5175,1992,0,1,1,8.696521391443419,57874.0,0,1,634.734800667968,336.860100815713,282.296921913861,,,90.2632624219987,,266
42101033800,6040,2533,0,1,1,14.466754443713,66165.0,0,1,1152.39762999862,530.593175772578,695.67179386504,,,98.328615614213,,192
42101033900,2924,1243,0,0,0,19.9219921992199,76106.0,0,1,168.334814608097,135.836701869965,98.810981631279,,,46.6113417893648,,235
42101034000,2872,1072,0,0,0,10.1765316718588,94107.0,0,1,423.86298256967,500.301388189022,408.956296191143,3.84368002414703,2.87931153178215,22.951015120816,0.157699152827263,30
42101034100,5577,2498,0,0,0,4.73891273247496,95944.0,0,1,1092.79678755271,1139.60473498516,798.654137602774,44.2512792348862,37.1208991408348,206.14785051794,6.33828265219927,200
42101034200,3399,1580,1,1,1,12.5784284433821,67750.0,1,1,1064.47128539812,508.99999572814,1242.00003087707,392.949103716761,670.760523937643,121.216932240524,75.853455523029,116
42101034400,7662,2733,0,0,0,5.77753779697624,95441.0,1,1,233.521492500042,942.349574928812,768.387534357942,387.442814292386,292.419705871493,96.1378794075717,33.8006042002235,174
42101034501,3370,1827,0,0,1,24.3250765377122,41819.0,0,0,210.572894573212,60.7628378868103,103.606403827667,,,69.5533472299576,,633
42101034502,5285,2427,0,1,1,17.5708654026657,46291.0,0,1,300.444761812687,168.330782309175,127.515133731067,,,94.4725290462375,,567
42101034600,2250,1215,0,0,1,18.6234817813765,47583.0,0,0,108.042143583298,74.7360789775848,13.914691016078,,,18.0690655708313,,310
42101034701,6399,2465,0,1,1,10.0813480534573,68214.0,0,1,857.034875399164,549.111564435632,292.47109223629,,,120.399970369936,,387
42101034702,3807,1438,0,0,0,2.8927813163482,96484.0,0,1,479.61843879419,610.668594393937,594.955060831388,,,76.2367961344862,,87
42101034801,4299,1942,0,1,1,7.31158605174353,61148.0,0,1,528.921617156426,504.530121552893,430.388519629878,,,132.658372571589,,264
42101034802,5373,2178,0,1,1,15.1004304160689,60875.0,0,1,682.883148103952,383.536158874631,300.339776594192,,,98.8364994637668,,290
42101034803,4390,1731,0,0,0,5.40794733129556,82536.0,0,1,297.498756915331,292.293169826269,359.14760223031,,,57.1001921705902,,140
42101034900,5543,2159,0,1,1,15.849447513812201,57640.0,0,1,1046.28438040987,563.623674333096,266.50504639931,,,206.226078604348,,467
42101035100,4086,2344,0,0,0,13.6528685548293,73548.0,1,1,1044.56011056155,314.000007749535,1730.00000280235,52.8360501639545,578.344558626413,199.822815711377,63.0845984742045,204
42101035200,4482,1758,0,0,0,6.265895953757231,98025.0,0,1,248.022786234971,338.549234403996,322.546526589053,,,66.1435119831294,,153
42101035301,5300,1995,0,0,0,5.4507337526205495,91938.0,0,0,66.5481038540602,91.4067973941565,55.4418198317289,,,12.6931717768312,,151
42101035302,4462,1919,0,0,1,8.37879118481344,65767.0,0,0,115.231972932816,79.1788363009691,72.0677149444819,,,15.5076702199876,,196
42101035500,7282,2976,0,0,0,15.580224603072201,75750.0,0,0,57.1363792400807,28.2544698920101,21.2993360869586,,,12.7500959518366,,584
42101035601,5439,2432,0,0,0,10.2833158447009,86060.0,0,1,280.269215079024,340.091889928095,421.437439419329,,,99.4194923844188,,319
42101035602,3617,1279,0,0,0,0.887163848073191,92533.0,1,1,272.719364190008,738.999997496139,555.999998173211,230.85190648539,136.351471407805,39.5253562857397,9.58486606064253,39
42101035701,4745,1932,0,1,1,21.743527508090597,43516.0,0,1,2142.73912449181,887.80001436919,517.684206690639,,,470.491035021842,,515
42101035702,4405,1752,1,1,1,25.330132052821103,40795.0,1,1,2398.10814844817,927.999986330047,528.99998838082,256.407789791003,150.0706445463,514.235059296712,149.156138872728,457
42101035800,5948,2290,0,0,0,8.0957810718358,73229.0,0,1,985.222703188658,521.274486914277,472.922367408872,,,129.377918135375,,294
42101035900,5309,2210,0,0,0,10.4786771105309,80380.0,0,1,529.289550917223,454.132887585089,377.07146256417,,,190.226187624503,,496
42101036000,3201,1157,0,0,0,12.0867768595041,91250.0,0,0,106.46958554443,39.6214638915262,305.696126730181,,,26.0956357563846,,366
42101036100,4083,1530,0,0,0,18.4739941118744,72750.0,0,1,1162.13168418901,869.003534433505,421.637256677233,,,281.726027719062,,292
42101036201,4744,1973,0,0,0,4.59086078639745,82143.0,0,1,164.12984963879,155.57619664818,157.953563004732,,,53.4021383859217,,241
42101036202,6138,2349,0,0,0,6.72653337851576,72632.0,0,1,266.558331148699,415.246016425081,270.006646479946,,,96.5876656607725,,348
42101036203,5129,1880,0,0,0,2.84816342565311,92625.0,0,1,350.765863696579,402.832976570353,343.774931771215,,,44.6300129402662,,117
42101036301,3695,1341,0,0,0,14.330958036421201,71801.0,0,1,778.532608881593,636.711486458778,411.988950967789,,,101.872954070568,,132
42101036302,3543,1265,1,1,1,5.96026490066225,65661.0,1,1,1027.74572881934,858.527061939589,371.39787919831,235.555881977081,137.473983049393,260.776452324877,80.8663113117218,289
42101036303,6726,2470,0,0,0,5.3008377760853005,82848.0,1,1,1098.57878645137,1299.56954931468,953.222192324698,225.701720833778,154.969806730747,85.3413015976548,16.2197070270777,93
42101036400,703,66,1,1,1,44.9689440993789,58750.0,1,1,366.748333749634,2.99943751062165,326.661774166729,1.73512942868183,270.215189730618,10.1079360064095,9.31321086911248,34
42101036501,5562,2345,0,0,0,13.8363527772248,74602.0,0,1,1287.89641045083,753.498484396579,744.026857894103,38.7735360860825,30.0027323365211,292.514356665444,12.6088232919574,342
42101036502,4077,1490,0,0,0,5.01766784452297,110476.0,1,1,577.995406915434,887.05402260134,614.549536867533,502.883103482425,356.896100662649,91.2065541350457,56.240883093531,90
42101036600,1643,991,0,0,0,6.70967741935484,141917.0,0,0,21.3937972187996,14.7843580245972,21.5177729129791,,,3.90061032772064,,38
42101036700,2542,1378,0,0,0,5.86995785671282,152277.0,0,0,,,,,,,,43
42101036900,6966,680,0,1,1,49.3387004025302,85893.0,0,1,651.685852050781,43.4877185821533,5.944411277771,,,2.65949559211731,,7
42101037200,4244,1773,0,1,1,11.3169189067088,67961.0,0,1,685.518327148631,461.774509022012,663.86693308875,,,214.25299331639,,294
42101037300,5137,2362,0,0,0,4.08691153647181,94583.0,0,1,477.740002602339,344.583345174789,251.63726477325,31.0631649196148,9.0141928344965,94.4201969951391,13.0196430385113,211
42101037500,3771,1479,0,0,0,19.265306122449,105694.0,1,1,1108.92860692111,608.866411289666,335.910734234669,72.0021760500968,42.9705520756543,120.779261771953,25.3600976918824,110
42101037600,2986,1106,0,0,1,32.4404761904762,90795.0,0,0,,,,,,,,193
42101037700,5635,1351,0,0,1,46.2085308056872,45225.0,0,0,,,,,,,,449
42101037800,2504,1053,0,0,1,17.6973148901546,58534.0,0,0,145.712863616645,40.033457685262,24.4407614953816,0.0,0.0,28.3127114064991,0.0,307
42101037900,5315,2229,0,0,1,14.023172193368,71544.0,0,0,1.56847383081913,1.99608030170202,0.371350668370724,,,0.391661861911416,,288
42101038000,2375,866,0,1,1,29.2008639308855,51513.0,0,1,1069.83600110468,493.047881107777,159.120483710896,,,191.80844810314,,240
42101038100,833,289,0,0,1,33.857315598549,39167.0,0,0,116.618129595183,57.1258701316547,5.99999998486601,0.0,0.0,22.1363400549162,0.0,115
42101038200,2631,910,0,0,1,40.6933692359475,34659.0,0,0,,,,,,,,414
42101038300,4157,1024,0,1,1,51.2437810945274,22318.0,0,1,636.755816340446,22.906428232789,7.36107853055,,,9.412059687078,,447
42101038400,2437,976,0,0,0,5.3354890864996,109773.0,0,1,193.996493385173,179.43624530849,136.769355306285,1.65185356140137,1.56926095485687,25.5995344862749,0.338520765304565,79
42101038500,1888,890,0,0,0,6.70487106017192,128542.0,0,0,67.8530309461057,51.5823421031237,48.6107807015069,0.0,0.786660850048065,2.17870699748164,0.0224251728504896,21
42101038600,1320,572,0,0,0,3.5687732342007403,168750.0,0,1,43.004311643017,131.716391765571,179.731616706646,18.0296731889248,36.4646787941456,4.35037703463968,1.00231305789202,7
42101038700,2348,702,0,0,0,7.794871794871799,178125.0,1,1,213.998402257668,105.266454858165,267.382325700135,40.7393858210831,68.081200145185,0.0,0.0,0
42101038800,3718,1765,0,0,0,6.06632515502831,126299.0,0,0,93.7720094546676,70.9131590127945,102.232187010348,,,12.7367441025563,,112
42101038900,3080,1249,0,0,1,30.5929095354523,64514.0,0,0,57.1253838539124,51.0032688379288,1.09085676074028,,,0.953797161579132,,398
42101039000,8154,2629,0,0,1,38.2296918767507,34698.0,0,0,,,,,,,,1216
42101980000,601,82,0,0,0,11.2359550561798,,0,1,138.542392224073,85.9408731758595,1.96058171987534,0.0,0.0,0.0,0.0,0
42101980100,74,40,0,1,1,33.3333333333333,,0,1,24.0371241786615,7.78527338677304,14.9230119138956,0.0,2.19507440924644,19.5310345905373,0.731691490858793,4
42101980200,504,65,0,0,0,19.6969696969697,132188.0,0,1,51.7824042092616,35.0000007393246,45.1126514126663,21.2115798592567,13.1257560253143,1.03426479861537,0.504533615196124,1
42101980300,2,1,0,0,0,0.0,,0,1,0.0,0.0,0.0,,,0.0,,0
42101980700,5,1,0,0,0,0.0,,1,1,0.0,0.0,0.0,0.0,0.0,0.0,0.0,0
42101980800,6,4,0,0,0,0.0,,0,1,0.0,0.0,1.7456565760076,,,0.0,,0
42101980900,30,19,0,0,0,0.0,,1,1,0.0,4.32731504365802,1.1480614246102,3.94685262441635,0.00828953552991152,0.0,0.0,0
42101989100,7765,0,1,1,1,82.0,,1,1,6367.25102412514,146.0000009879,90.9999979871791,40.7114498994779,23.084977483144,0.0,0.0,0
